{"all": {"diffFG_mean": -0.24444444444444444, "diffFG_std": 0.5230489909306587, "absdiffFG_mean": 0.3111111111111111, "absdiffFG_std": 0.48635708062753974, "bestDice_mean": 0.9369088869363158, "bestDice_std": 0.04408140323837323, "FgBgDice_mean": 0.978172792021181, "FgBgDice_std": 0.010016154928416976, "SBD_mean": 0.8886001558590436, "SBD_std": 0.09141420725848183}, "large": {"diffFG_mean": 0.017699115044247787, "diffFG_std": 0.13185543739602953, "absdiffFG_mean": 0.017699115044247787, "absdiffFG_std": 0.13185543739602953, "bestDice_mean": 0.9751997327735961, "bestDice_std": 0.055660724979720244, "FgBgDice_mean": 0.9810848734192761, "FgBgDice_std": 0.029887347005345927, "SBD_mean": 0.9751997327735961, "SBD_std": 0.05566072497972023}, "medium": {"diffFG_mean": -0.017857142857142856, "diffFG_std": 0.37754240199760664, "absdiffFG_mean": 0.125, "absdiffFG_std": 0.3566961492042532, "bestDice_mean": 0.9156220589281462, "bestDice_std": 0.18628698432467178, "FgBgDice_mean": 0.9158863112585302, "FgBgDice_std": 0.17219782125347124, "SBD_mean": 0.9005674107365707, "SBD_std": 0.19580270972060984}, "small": {"diffFG_mean": -0.2857142857142857, "diffFG_std": 0.6033917737697965, "absdiffFG_mean": 0.38857142857142857, "absdiffFG_std": 0.5428872172120512, "bestDice_mean": 0.8438977101560635, "bestDice_std": 0.19116570165162805, "FgBgDice_mean": 0.8278500215171899, "FgBgDice_std": 0.2039363961316908, "SBD_mean": 0.741384035576352, "SBD_std": 0.23533100236053026}}