{"all": {"bestDice_mean": 0.9351051510066348, "bestDice_std": 0.008918285199228076, "SBD_mean": 0.9094501165240577, "SBD_std": 0.010594339897546335, "absdiffFG_mean": 0.20000000000000004, "absdiffFG_std": 0.049897013278916595}, 
"large": {"bestDice_mean": 0.9791536966504132, "bestDice_std": 0.0026250223542244886, "SBD_mean": 0.9760316218791552, "SBD_std": 0.00460216358478969, "absdiffFG_mean": 0.012309961425005672, "absdiffFG_std": 0.008726887717493866}, 
"medium": {"bestDice_mean": 0.9001615071887276, "bestDice_std": 0.022595217242202467, "SBD_mean": 0.8870521766449264, "SBD_std": 0.028193830742682176, "absdiffFG_mean": 0.13955026455026456, "absdiffFG_std": 0.0473726909272949}, 
"small": {"bestDice_mean": 0.8082956152051461, "bestDice_std": 0.028089150237641462, "SBD_mean": 0.7453716867707855, "SBD_std": 0.02140669722579677, "absdiffFG_mean": 0.3322023809523809, "absdiffFG_std": 0.028076189062802823}}