{"all": {"diffFG_mean": -0.16111111111111112, "diffFG_std": 0.44924490832320063, "absdiffFG_mean": 0.19444444444444445, "absdiffFG_std": 0.43585448925354575, "bestDice_mean": 0.9476818514676791, "bestDice_std": 0.031351272555631776, "FgBgDice_mean": 0.9724285208760943, "FgBgDice_std": 0.01333977355127452, "SBD_mean": 0.9201016702970498, "SBD_std": 0.07106016332164883}, "large": {"diffFG_mean": -0.019230769230769232, "diffFG_std": 0.1373351620873625, "absdiffFG_mean": 0.019230769230769232, "absdiffFG_std": 0.1373351620873625, "bestDice_mean": 0.9807571364668015, "bestDice_std": 0.006189950016386491, "FgBgDice_mean": 0.9769127270029939, "FgBgDice_std": 0.03835882152967329, "SBD_mean": 0.9713763161138574, "SBD_std": 0.06799161475332469}, "medium": {"diffFG_mean": 0.034722222222222224, "diffFG_std": 0.32087541811522, "absdiffFG_mean": 0.09027777777777778, "absdiffFG_std": 0.30986543774059866, "bestDice_mean": 0.9350959794448429, "bestDice_std": 0.09352404180203204, "FgBgDice_mean": 0.9395869259445502, "FgBgDice_std": 0.07071160134149268, "SBD_mean": 0.9253199059216703, "SBD_std": 0.11066403361928773}, "small": {"diffFG_mean": -0.2375, "diffFG_std": 0.5754074643241953, "absdiffFG_mean": 0.2875, "absdiffFG_std": 0.5521265706339443, "bestDice_mean": 0.8217152697086473, "bestDice_std": 0.2617815583729378, "FgBgDice_mean": 0.8114589345592383, "FgBgDice_std": 0.2771394718200865, "SBD_mean": 0.771126042602115, "SBD_std": 0.28468001080533706}}