{"all": {"diffFG_mean": -0.15555555555555556, "diffFG_std": 0.46930471293206394, "absdiffFG_mean": 0.2, "absdiffFG_std": 0.4521553322083513, "bestDice_mean": 0.9471039436568512, "bestDice_std": 0.02804949803765726, "FgBgDice_mean": 0.971598396052646, "FgBgDice_std": 0.013056108891374102, "SBD_mean": 0.9209929744696889, "SBD_std": 0.06536733774393341}, "large": {"diffFG_mean": -0.019230769230769232, "diffFG_std": 0.1373351620873625, "absdiffFG_mean": 0.019230769230769232, "absdiffFG_std": 0.1373351620873625, "bestDice_mean": 0.9799873625352901, "bestDice_std": 0.006107345658745388, "FgBgDice_mean": 0.97623964542021, "FgBgDice_std": 0.038332896900463084, "SBD_mean": 0.9706211382215162, "SBD_std": 0.06798407865397652}, "medium": {"diffFG_mean": 0.020833333333333332, "diffFG_std": 0.27559909490256146, "absdiffFG_mean": 0.0763888888888889, "absdiffFG_std": 0.26561932637368446, "bestDice_mean": 0.9300011708555262, "bestDice_std": 0.1147266507902476, "FgBgDice_mean": 0.9357282898672074, "FgBgDice_std": 0.0980854470080961, "SBD_mean": 0.9245317001719617, "SBD_std": 0.1197544131679248}, "small": {"diffFG_mean": -0.21875, "diffFG_std": 0.5881313097429859, "absdiffFG_mean": 0.29375, "absdiffFG_std": 0.5544916027317276, "bestDice_mean": 0.8239201873822456, "bestDice_std": 0.259158950989784, "FgBgDice_mean": 0.8159858444643417, "FgBgDice_std": 0.2700676100150911, "SBD_mean": 0.7734042171705126, "SBD_std": 0.28327349877020386}}