{"all": {"diffFG_mean": -0.16111111111111112, "diffFG_std": 0.4849271295644885, "absdiffFG_mean": 0.2611111111111111, "absdiffFG_std": 0.4392403655920436, "bestDice_mean": 0.9324710849097493, "bestDice_std": 0.04692043882321767, "FgBgDice_mean": 0.9783951552863306, "FgBgDice_std": 0.009642050711910953, "SBD_mean": 0.8954063311981618, "SBD_std": 0.0818735607171837}, "large": {"diffFG_mean": 0.017699115044247787, "diffFG_std": 0.13185543739602953, "absdiffFG_mean": 0.017699115044247787, "absdiffFG_std": 0.13185543739602953, "bestDice_mean": 0.9756039953043291, "bestDice_std": 0.05568665323042861, "FgBgDice_mean": 0.980784061132682, "FgBgDice_std": 0.02989705777797092, "SBD_mean": 0.9756039953043291, "SBD_std": 0.05568665323042861}, "medium": {"diffFG_mean": -0.026785714285714284, "diffFG_std": 0.41100533166013936, "absdiffFG_mean": 0.15178571428571427, "absdiffFG_std": 0.3828889578998494, "bestDice_mean": 0.8951417570480587, "bestDice_std": 0.22580497608714303, "FgBgDice_mean": 0.8972808489322236, "FgBgDice_std": 0.21173315484567998, "SBD_mean": 0.8800938462486206, "SBD_std": 0.23244249922703022}, "small": {"diffFG_mean": -0.2, "diffFG_std": 0.5855400437691199, "absdiffFG_mean": 0.36, "absdiffFG_std": 0.5032466024298056, "bestDice_mean": 0.8321125102602991, "bestDice_std": 0.1788933317228907, "FgBgDice_mean": 0.833158440513354, "FgBgDice_std": 0.17870372273906465, "SBD_mean": 0.7412550659441652, "SBD_std": 0.21940554895987288}}