{"all": {"bestDice_mean": 0.9403124790653724, "bestDice_std": 0.005215985115027228, "SBD_mean": 0.9097315088286332, "SBD_std": 0.014942975715826414, "absdiffFG_mean": 0.21851851851851853, "absdiffFG_std": 0.06794050491794126}, 
"large": {"bestDice_mean": 0.9795289570723633, "bestDice_std": 0.0031552647618768113, "SBD_mean": 0.9753175859163276, "SBD_std": 0.0032672096200161644, "absdiffFG_mean": 0.015610291458008975, "absdiffFG_std": 0.004085223995708898}, 
"medium": {"bestDice_mean": 0.9136211047680382, "bestDice_std": 0.018405511851212353, "SBD_mean": 0.9000598384259987, "SBD_std": 0.020835065800397283, "absdiffFG_mean": 0.12618102796674224, "absdiffFG_std": 0.029808734108867217}, 
"small": {"bestDice_mean": 0.8172305457620754, "bestDice_std": 0.02381659472493665, "SBD_mean": 0.7545579887935999, "SBD_std": 0.012377040157696943, "absdiffFG_mean": 0.3277380952380952, "absdiffFG_std": 0.04375676170617906}}