{"all": {"diffFG_mean": -0.027777777777777776, "diffFG_std": 0.38630091258205485, "absdiffFG_mean": 0.1388888888888889, "absdiffFG_std": 0.36153820896719874, "bestDice_mean": 0.9257404244533038, "bestDice_std": 0.07724750985056353, "FgBgDice_mean": 0.957285139402362, "FgBgDice_std": 0.05744892772007743, "SBD_mean": 0.9119510439043224, "SBD_std": 0.08617105799054639}, "large": {"diffFG_mean": 0.0, "diffFG_std": 0.0, "absdiffFG_mean": 0.0, "absdiffFG_std": 0.0, "bestDice_mean": 0.9818697321116205, "bestDice_std": 0.007590191319630997, "FgBgDice_mean": 0.9825208019776724, "FgBgDice_std": 0.008524714558906936, "SBD_mean": 0.9818697321116205, "SBD_std": 0.007590191319631}, "medium": {"diffFG_mean": -0.04081632653061224, "diffFG_std": 0.4647807034704415, "absdiffFG_mean": 0.19047619047619047, "absdiffFG_std": 0.4259177099999599, "bestDice_mean": 0.8753415936625978, "bestDice_std": 0.2096364582628542, "FgBgDice_mean": 0.8782464047706479, "FgBgDice_std": 0.19913964008311477, "SBD_mean": 0.856530983514197, "SBD_std": 0.21685880469628524}, "small": {"diffFG_mean": -0.2, "diffFG_std": 0.6347102826149447, "absdiffFG_mean": 0.34285714285714286, "absdiffFG_std": 0.5703561365050609, "bestDice_mean": 0.768854147972894, "bestDice_std": 0.3052664230438716, "FgBgDice_mean": 0.7620003669357996, "FgBgDice_std": 0.3169710795830242, "SBD_mean": 0.7214557771976787, "SBD_std": 0.3165520489228329}}