{"all": {"diffFG_mean": -0.03888888888888889, "diffFG_std": 0.39949814196326217, "absdiffFG_mean": 0.15, "absdiffFG_std": 0.37230513172814456, "bestDice_mean": 0.9363466987921222, "bestDice_std": 0.06438743935135641, "FgBgDice_mean": 0.9714439985681894, "FgBgDice_std": 0.019156357382434788, "SBD_mean": 0.9204927003298062, "SBD_std": 0.0787509471632569}, "large": {"diffFG_mean": -0.009900990099009901, "diffFG_std": 0.09900990099009899, "absdiffFG_mean": 0.009900990099009901, "absdiffFG_std": 0.09900990099009899, "bestDice_mean": 0.9826300019766924, "bestDice_std": 0.0062308815752790845, "FgBgDice_mean": 0.9823660389108427, "FgBgDice_std": 0.0128669231296245, "SBD_mean": 0.9793767088615294, "SBD_std": 0.03270624257112987}, "medium": {"diffFG_mean": 0.0, "diffFG_std": 0.420560041253707, "absdiffFG_mean": 0.16326530612244897, "absdiffFG_std": 0.3875760417209283, "bestDice_mean": 0.8901452759311252, "bestDice_std": 0.1999035397484184, "FgBgDice_mean": 0.8946945641865204, "FgBgDice_std": 0.18922390042869644, "SBD_mean": 0.8742921986197552, "SBD_std": 0.20939304445980883}, "small": {"diffFG_mean": -0.12142857142857143, "diffFG_std": 0.5790121778001015, "absdiffFG_mean": 0.30714285714285716, "absdiffFG_std": 0.5056315509401311, "bestDice_mean": 0.7860786574215157, "bestDice_std": 0.2861687398919809, "FgBgDice_mean": 0.8034815703006705, "FgBgDice_std": 0.283451806999043, "SBD_mean": 0.7511638882023328, "SBD_std": 0.29221610258248715}}