{"all": {"diffFG_mean": 0.08333333333333333, "diffFG_std": 0.7592027982620249, "absdiffFG_mean": 0.4166666666666667, "absdiffFG_std": 0.6400954789890506, "bestDice_mean": 0.8570212724882944, "bestDice_std": 0.06526042440720922, "FgBgDice_mean": 0.9074405514143747, "FgBgDice_std": 0.024357098910624465, "SBD_mean": 0.8467931696699528, "SBD_std": 0.06624399673133904}, "large": {"diffFG_mean": -0.45454545454545453, "diffFG_std": 0.7820295697311479, "absdiffFG_mean": 0.8181818181818182, "absdiffFG_std": 0.385694607919935, "bestDice_mean": 0.5953519647785659, "bestDice_std": 0.40274464782185887, "FgBgDice_mean": 0.5386916368159814, "FgBgDice_std": 0.3467772987520536, "SBD_mean": 0.45399973985929554, "SBD_std": 0.32177586371838646}, "medium": {"diffFG_mean": -0.0898876404494382, "diffFG_std": 0.7441222781931888, "absdiffFG_mean": 0.5168539325842697, "absdiffFG_std": 0.5428257226598275, "bestDice_mean": 0.8492896504843828, "bestDice_std": 0.1591036515674186, "FgBgDice_mean": 0.8452609175376966, "FgBgDice_std": 0.15101161282620001, "SBD_mean": 0.7882196955346307, "SBD_std": 0.17681103523142697}, "small": {"diffFG_mean": 0.1574074074074074, "diffFG_std": 0.9922107474486141, "absdiffFG_mean": 0.6944444444444444, "absdiffFG_std": 0.7259519080762211, "bestDice_mean": 0.7217516353391241, "bestDice_std": 0.19599279572632097, "FgBgDice_mean": 0.743675609477211, "FgBgDice_std": 0.19996637360758207, "SBD_mean": 0.6827281867598929, "SBD_std": 0.19174470695363727}}