{"all": {"diffFG_mean": 0.18518518518518517, "diffFG_std": 0.6547285010986552, "absdiffFG_mean": 0.37037037037037035, "absdiffFG_std": 0.5707790743489793, "bestDice_mean": 0.8517601233349337, "bestDice_std": 0.06852093228273327, "FgBgDice_mean": 0.9092821490992393, "FgBgDice_std": 0.02600423980430458, "SBD_mean": 0.8444262648051095, "SBD_std": 0.07156221711082746}, "large": {"diffFG_mean": -0.8181818181818182, "diffFG_std": 0.8331955809010617, "absdiffFG_mean": 1.0, "absdiffFG_std": 0.6030226891555273, "bestDice_mean": 0.5542151768531269, "bestDice_std": 0.439446317822284, "FgBgDice_mean": 0.421267681931396, "FgBgDice_std": 0.336134920762585, "SBD_mean": 0.32591496791507946, "SBD_std": 0.29185284445503}, "medium": {"diffFG_mean": -0.2247191011235955, "diffFG_std": 0.8709133651719596, "absdiffFG_mean": 0.6292134831460674, "absdiffFG_std": 0.6427123436438243, "bestDice_mean": 0.8618149780437298, "bestDice_std": 0.1606545343082746, "FgBgDice_mean": 0.838906139890496, "FgBgDice_std": 0.15584250396025998, "SBD_mean": 0.774054781235369, "SBD_std": 0.18470279646283255}, "small": {"diffFG_mean": 0.42592592592592593, "diffFG_std": 0.8840532046133341, "absdiffFG_mean": 0.7407407407407407, "absdiffFG_std": 0.643635081369732, "bestDice_mean": 0.6906259839194727, "bestDice_std": 0.2011434262962168, "FgBgDice_mean": 0.7328558429359552, "FgBgDice_std": 0.20617116079325362, "SBD_mean": 0.6668683717826822, "SBD_std": 0.19683195541548865}}