{"all": {"diffFG_mean": -0.26851851851851855, "diffFG_std": 0.9584563349226509, "absdiffFG_mean": 0.5648148148148148, "absdiffFG_std": 0.8195882903668446, "bestDice_mean": 0.8631792617365185, "bestDice_std": 0.05329360708226001, "FgBgDice_mean": 0.8960597903822124, "FgBgDice_std": 0.03288190818144972, "SBD_mean": 0.8263066863918485, "SBD_std": 0.09484211596059212}, "large": {"diffFG_mean": -0.2, "diffFG_std": 0.9797958971132713, "absdiffFG_mean": 1.0, "absdiffFG_std": 0.0, "bestDice_mean": 0.37148943289869674, "bestDice_std": 0.3465928049952642, "FgBgDice_mean": 0.3727975755685936, "FgBgDice_std": 0.30441106275946006, "SBD_mean": 0.278959312416769, "SBD_std": 0.22778350532872896}, "medium": {"diffFG_mean": -0.27906976744186046, "diffFG_std": 0.6930076477093647, "absdiffFG_mean": 0.46511627906976744, "absdiffFG_std": 0.5846420972082109, "bestDice_mean": 0.8218662265121887, "bestDice_std": 0.23735195105983273, "FgBgDice_mean": 0.8138164145884564, "FgBgDice_std": 0.23163946754243753, "SBD_mean": 0.7702520841122432, "SBD_std": 0.2367198018421595}, "small": {"diffFG_mean": -0.05555555555555555, "diffFG_std": 1.1041448285750997, "absdiffFG_mean": 0.7777777777777778, "absdiffFG_std": 0.7856742013183862, "bestDice_mean": 0.755024693731787, "bestDice_std": 0.1487719698343056, "FgBgDice_mean": 0.7744743697267216, "FgBgDice_std": 0.14402492741411796, "SBD_mean": 0.7004152064074736, "SBD_std": 0.16028484210959976}}