{"all": {"diffFG_mean": -0.3611111111111111, "diffFG_std": 0.6591005843169262, "absdiffFG_mean": 0.4722222222222222, "absdiffFG_std": 0.5846545883291441, "bestDice_mean": 0.855113613434834, "bestDice_std": 0.038072189705500616, "FgBgDice_mean": 0.8950608441548845, "FgBgDice_std": 0.023543233998510278, "SBD_mean": 0.8225026822031317, "SBD_std": 0.05795872583037628}, "large": {"diffFG_mean": -0.5555555555555556, "diffFG_std": 0.4969039949999533, "absdiffFG_mean": 0.5555555555555556, "absdiffFG_std": 0.4969039949999533, "bestDice_mean": 0.8267709552442953, "bestDice_std": 0.29285730521265246, "FgBgDice_mean": 0.7127924693773059, "FgBgDice_std": 0.281831506261087, "SBD_mean": 0.6529994322161008, "SBD_std": 0.2958501386803122}, "medium": {"diffFG_mean": 0.15053763440860216, "diffFG_std": 0.7324467254161894, "absdiffFG_mean": 0.43010752688172044, "absdiffFG_std": 0.6116758130463609, "bestDice_mean": 0.8257850205078351, "bestDice_std": 0.17632560247712842, "FgBgDice_mean": 0.8496081802276587, "FgBgDice_std": 0.16519136500996495, "SBD_mean": 0.8053528607433095, "SBD_std": 0.17603002921932967}, "small": {"diffFG_mean": -0.46296296296296297, "diffFG_std": 0.8099602862455199, "absdiffFG_mean": 0.5925925925925926, "absdiffFG_std": 0.7205583873460637, "bestDice_mean": 0.7541550582709748, "bestDice_std": 0.1467397372901337, "FgBgDice_mean": 0.750962540786165, "FgBgDice_std": 0.15897775081558152, "SBD_mean": 0.680500320763048, "SBD_std": 0.16131834028255634}}