{"all": {"diffFG_mean": -0.3425925925925926, "diffFG_std": 0.9145129956454361, "absdiffFG_mean": 0.5648148148148148, "absdiffFG_std": 0.7966730374936821, "bestDice_mean": 0.8668530901899408, "bestDice_std": 0.052923725706291155, "FgBgDice_mean": 0.9005100094861321, "FgBgDice_std": 0.02871753132602104, "SBD_mean": 0.8302311525009692, "SBD_std": 0.08896997587939182}, "large": {"diffFG_mean": -0.4, "diffFG_std": 0.7999999999999999, "absdiffFG_mean": 0.8, "absdiffFG_std": 0.4, "bestDice_mean": 0.27736399095580233, "bestDice_std": 0.368307598597985, "FgBgDice_mean": 0.24865193344572808, "FgBgDice_std": 0.3045537595641709, "SBD_mean": 0.18552059780735206, "SBD_std": 0.2272339003710397}, "medium": {"diffFG_mean": -0.13953488372093023, "diffFG_std": 0.6847642727597886, "absdiffFG_mean": 0.4418604651162791, "absdiffFG_std": 0.5414161268289681, "bestDice_mean": 0.8389413652600058, "bestDice_std": 0.19326389156659754, "FgBgDice_mean": 0.8357778658728848, "FgBgDice_std": 0.18001904932142485, "SBD_mean": 0.7890963127924718, "SBD_std": 0.20014363256579315}, "small": {"diffFG_mean": -0.24074074074074073, "diffFG_std": 1.1128073472276754, "absdiffFG_mean": 0.7592592592592593, "absdiffFG_std": 0.8484230510337264, "bestDice_mean": 0.7846252505172622, "bestDice_std": 0.1315250444372271, "FgBgDice_mean": 0.7972746042236715, "FgBgDice_std": 0.13304994757035785, "SBD_mean": 0.7179175029590682, "SBD_std": 0.15107119536005206}}