{"all": {"bestDice_mean": 0.8566843328354287, "bestDice_std": 0.0047923237255142834, "SBD_mean": 0.8310785444666967, "SBD_std": 0.009565174354267524, "absdiffFG_mean": 0.46913580246913583, "absdiffFG_std": 0.07941160697696671}, 
"large": {"bestDice_mean": 0.584158521665373, "bestDice_std": 0.18706998524837393, "SBD_mean": 0.41929123751598313, "SBD_std": 0.16636475708176116, "absdiffFG_mean": 0.8518518518518517, "absdiffFG_std": 0.20951312035156963}, 
"medium": {"bestDice_mean": 0.8364887416879179, "bestDice_std": 0.017979672272836634, "SBD_mean": 0.7832199086969739, "SBD_std": 0.015727169719238532, "absdiffFG_mean": 0.5081457630325185, "absdiffFG_std": 0.08679265645802259}, 
"small": {"bestDice_mean": 0.7332685786407449, "bestDice_std": 0.03015495791055125, "SBD_mean": 0.6825946329844013, "SBD_std": 0.013775270985747304, "absdiffFG_mean": 0.7037037037037036, "absdiffFG_std": 0.0800091444247884}}