{"all": {"diffFG_mean": -0.37037037037037035, "diffFG_std": 0.6023502210107627, "absdiffFG_mean": 0.42592592592592593, "absdiffFG_std": 0.5644352094121545, "bestDice_mean": 0.8590666043745051, "bestDice_std": 0.03657960881813299, "FgBgDice_mean": 0.8944434550165158, "FgBgDice_std": 0.024715222969707917, "SBD_mean": 0.8280606873150401, "SBD_std": 0.06123499508437269}, "large": {"diffFG_mean": -0.2222222222222222, "diffFG_std": 0.6285393610547089, "absdiffFG_mean": 0.4444444444444444, "absdiffFG_std": 0.4969039949999533, "bestDice_mean": 0.7970177520095172, "bestDice_std": 0.29864539410164864, "FgBgDice_mean": 0.7647840901219561, "FgBgDice_std": 0.28601871565525694, "SBD_mean": 0.72727768844192, "SBD_std": 0.29335218530748297}, "medium": {"diffFG_mean": 0.010752688172043012, "diffFG_std": 0.7108169411199317, "absdiffFG_mean": 0.41935483870967744, "absdiffFG_std": 0.5740364651629737, "bestDice_mean": 0.8344257123179948, "bestDice_std": 0.19292496726877248, "FgBgDice_mean": 0.8442717871083357, "FgBgDice_std": 0.18607644189028705, "SBD_mean": 0.8007486334368463, "SBD_std": 0.19686824301834666}, "small": {"diffFG_mean": -0.37037037037037035, "diffFG_std": 0.8562687423479178, "absdiffFG_mean": 0.6296296296296297, "absdiffFG_std": 0.6884307516830039, "bestDice_mean": 0.7781363784592166, "bestDice_std": 0.12283645675633138, "FgBgDice_mean": 0.7696263814207436, "FgBgDice_std": 0.14526445235913546, "SBD_mean": 0.6977943855734544, "SBD_std": 0.16178241220545747}}