{"all": {"bestDice_mean": 0.8609803223509135, "bestDice_std": 0.00423579171659194, "SBD_mean": 0.8350283364953207, "SBD_std": 0.008366050621451156, "absdiffFG_mean": 0.46913580246913583, "absdiffFG_std": 0.06776079753117327}, 
"large": {"bestDice_mean": 0.5565779025812951, "bestDice_std": 0.21391209840925504, "SBD_mean": 0.4555993420361892, "SBD_std": 0.22117429832381988, "absdiffFG_mean": 0.6875420875420876, "absdiffFG_std": 0.17205617820510638}, 
"medium": {"bestDice_mean": 0.8408855760207944, "bestDice_std": 0.00622195741254717, "SBD_mean": 0.7926882139213163, "SBD_std": 0.005710801842645187, "absdiffFG_mean": 0.459356412136742, "absdiffFG_std": 0.041682126051012756}, 
"small": {"bestDice_mean": 0.7615044214385343, "bestDice_std": 0.0282340145586314, "SBD_mean": 0.6994800250974719, "SBD_std": 0.01441533972533155, "absdiffFG_mean": 0.6944444444444443, "absdiffFG_std": 0.05292107468976003}}